{"accuracy": 0.9722222222222222, "recall": 0.9722222222222222, "precision": 0.975, "f1": 0.9721362229102167}