{"accuracy": 0.9629629629629629, "recall": 0.9629629629629629, "precision": 0.9657407407407407, "f1": 0.9628769636509575}